Fiat Palio, 2013 - Carros - Parque Esplanada Iii, Valparaíso De Goiás | OLX;R$ 23.900
Honda Civic, 2010 - Carros - Taguatinga Sul, Brasília | OLX;R$ 28.900
Fiat Palio Pálio ELX 1.4 - Novo - Baixa Quilometragem, 2009 - Carros - Norte, Brasília | OLX;R$ 20.500
Sandero 1.0 Flex Expression 2012/2013 Cor: Branco Apenas 50 mil rodado Único dono, 2013 - Carros - Guará Ii, Brasília | OLX;R$ 22.900
Vw - Volkswagen Gol, 2012 - Carros - Samambaia Norte, Brasília | OLX;R$ 18.000
Gol Trend 2012/13 pouco rodado, 2012 - Carros - Vila Estrutural, Brasília | OLX;R$ 21.000
Hyundai Tucson, 2010 - Carros - Zona Ind, Brasília | OLX;R$ 29.800
Fiat Uno, 2010 - Carros - Taguatinga Norte, Brasília | OLX;R$ 13.500
Vw - Volkswagen Logus barato, 1993 - Carros - Cidade Ocidental, Distrito Federal | OLX;R$ 2.500
Vendo ou Troco Por Carro Popular ou Moto, 2001 - Carros - Samambaia Sul, Brasília | OLX;R$ 8.000
Blazer 2.5 diesel, 1997 - Carros - Riacho Fundo I, Brasília | OLX;R$ 19.900
Etios XS 1.5 Sedan, aceito trocas com volta, 2013 - Carros - Asa Sul, Brasília | OLX;R$ 29.999
Vw - Volkswagen Bora, 2008 - Carros - Taguatinga Sul, Brasília | OLX;R$ 22.000
Gm - Chevrolet Celta, 2009 - Carros - Águas Lindas De Goiás, Distrito Federal | OLX;R$ 14.500
Vw - Volkswagen Gol Gl, 2016 - Carros - A D Econômico, Brasília | OLX;R$ 22.000
Hilux 4x4 3.0 srv automático, 2007 - Carros - Zona Ind, Brasília | OLX;R$ 59.900
Gm - Chevrolet Kadett GLS 2.0, 1998 - Carros - St H Jardim Botânico, Brasília | OLX;R$ 8.900
Gol TREND g4 completo 4 portas (Financio), 2008 - Carros - St H V Pires, Brasília | OLX;R$ 16.500
L200 Triton HLS - 2015/2015, 2015 - Carros - Norte, Brasília | OLX;R$ 63.000
Compass Longitude AT 2.0 Diesel 4X4 4P 2017, 2017 - Carros - St P M Sul, Brasília | OLX;R$ 130.990
CHEVROLET CRUZE 2016/2016 1.8 LT SPORT6 16V FLEX 4P AUTOMÁTICO, 2016 - Carros - Zona Ind, Brasília | OLX;R$ 67.690
Strada CD 1.8 3 portas Adventure TOP Zerada. Confira condições de Financiamento, 2015 - Carros - Zona Ind, Brasília | OLX;R$ 55.980
City LX Automático c/couro Conservadíssimo. Confira condições de financiamento, 2013 - Carros - Zona Ind, Brasília | OLX;R$ 44.790
Fiat, 2001 - Carros - Res Stos Dumont, Brasília | OLX;R$ 12.500
Peugeot vendo ou troco, 2004 - Carros - Santo Antônio do Descoberto, Distrito Federal | OLX;R$ 8.000
GM S10 gasolina advantage 2007 Cd, 2007 - Carros - Ceilândia Norte, Brasília | OLX;R$ 27.800
Zafira, 2.0 16v barata, 2002 - Carros - Recanto das Emas, Brasília | OLX;R$ 11.000
Honda Fit, 2014 - Carros - Asa Sul, Brasília | OLX;R$ 43.000
Fiat Siena, 2008 - Carros - Taguatinga Sul, Brasília | OLX;R$ 12.500
Honda Civic LxL 12/13 Automático, 2012 - Carros - Samambaia Sul, Brasília | OLX;R$ 52.000
Hyundai Sonata 2011 GLS TETO solar Multimidia TOP AC.trocas, 2011 - Carros - Guará Ii, Brasília | OLX;R$ 52.500
Audi A5, 2013 - Carros - St Sudoeste, Brasília | OLX;R$ 110.000
Gol g4 100% viável, 2013 - Carros - Samambaia Sul, Brasília | OLX;R$ 18.000
Vw - Volkswagen Apolo, 1990 - Carros - Parque Estrela Dalva Ii, Luziânia | OLX;R$ 1.800
Fiat Palio 2012 completo - sem sinal, 2012 - Carros - Ceilândia Norte, Brasília | OLX;R$ 24.694
Corsa, 2009 - Carros - Ceilândia Norte, Brasília | OLX;R$ 17.500
C3 GLX 1.4 8V 2011 - Novíssimo, Completo, Bancos de Couro, Revisado, 2011 - Carros - Zona Ind, Brasília | OLX;R$ 21.900
Volkswagen Polo 1.6 10/11 pouco rodado e em excelente estado de conservação, negociamos, 2011 - Carros - Zona Ind, Brasília | OLX;R$ 29.900
Astra gsi 2004 2.0, 2004 - Carros - Zona Ind, Brasília | OLX;R$ 15.900
Pálio atractive 12/13 compleito- ar, 2012 - Carros - Ceilândia Sul, Brasília | OLX;R$ 25.000
Celta life 1.0 vidro, trava , alarme bem conservado, 2011 - Carros - Taguatinga Norte, Brasília | OLX;R$ 17.900
Vw - Volkswagen Gol 1.6 G6 Comfortline GVI 30mil Km Rodados Estado de ZERO, 2016 - Carros - Ceilândia Norte, Brasília | OLX;R$ 35.900
Jeep Compass Limited Diesel, 2018 - Carros - Parque Esplanada Iii, Valparaíso De Goiás | OLX;R$ 155.900
Renault Megane, 2008 - Carros - Taguatinga Sul, Brasília | OLX;R$ 15.800
Vw - Volkswagen Gol g, 2012 - Carros - Asa Norte, Brasília | OLX;R$ 24.000
